Nombre,Informacion adicional,Enlace,Tipo de Experimento,"Detalles (Tipo de tarea (Pensar arriba, pensar mover pie, pensar mover mano), Electrodos - Que electrodos, Canales - numero de electrodos, Protocolo (Graz), tipo de sujetos)",Sampling frequency [Hz],Number of subjects,Experiment time,Size,Number of files,Readme (Y/N),Year,How to download,Author name,Contact
BCIAUTP300,https://www.kaggle.com/disbeat/bciaut-p300,https://www.kaggle.com/disbeat/bciaut-p300,P300,,250,15,200 - 1000 ms,6 GB,135,N,2020,Open access,Marco Simões,https://www.kaggle.com/disbeat/contact
EEG - alpha waves - BCI,https://www.youtube.com/watch?v=EeXUEkGqD98&ab_channel=1BestCsharpblog,https://www.kaggle.com/latimerb/eeg-leftright,EEG,,,1,30 s,37 MB,4,N,2020,Open access,MindAffect,https://www.kaggle.com/latimerb/contact
EEG data for MASD,https://www.kaggle.com/inancigdem/eeg-data-for-mental-attention-state-detection,https://www.kaggle.com/inancigdem/eeg-data-for-mental-attention-state-detection,EEG,,128,25,,300 MB,34,N,2021,Open access,Cigdem Inan ACI,https://www.kaggle.com/inancigdem/contact
mindaffectBCI,https://www.kaggle.com/mindaffect/mindaffectbci,https://www.kaggle.com/mindaffect/mindaffectbci,EEG,,,,,960 MB,60,N,2020,Open access,MindAffect,https://www.kaggle.com/mindaffect/contact
eeg-dataset,https://www.kaggle.com/rounakpatra/eegdataset,https://www.kaggle.com/rounakpatra/eegdataset,EEG,,,30,,211 MB,148,N,2020,Open access,Rounak Patra,https://www.kaggle.com/rounakpatra/contact
TMBCI,https://www.kaggle.com/moitrishdatta/tm-bci,https://www.kaggle.com/moitrishdatta/tm-bci,EEG,,,38,,211 MB,52,Y,2020,Open access,Moitrish Datta,https://www.kaggle.com/moitrishdatta/contact
Data-Portal-Project,https://www.nature.com/articles/sdata2017181,https://fcon_1000.projects.nitrc.org/indi/cmi_healthy_brain_network/sharing_neuro.html#direct-downloads,NMR,,500,637,5 min,1 GB,2,Y,2017,Open access,Michael P. Milham,https://www.nature.com/articles/sdata2017181/email/correspondent/c2/new
"HiRID, a high time-resolution ICU dataset v1.1.1",https://github.com/ratschlab/circEWS,https://physionet.org/content/hirid/1.1.1/,,,,,,,,Y,2020,Credential access,Arjen Stolk,astolk@berkeley.edu
Siena Scalp EEG Database v1.0.0,https://www.ahajournals.org/doi/10.1161/01.CIR.101.23.e215,https://physionet.org/content/siena-scalp-eeg/1.0.0/,Video - EEG,,512,14,Diverse,20.3 GB,51,N,2020,Open access,Paolo Detti,detti@dii.unisi.it
EEG During Mental Arithmetic Tasks v1.0.0,https://www.ahajournals.org/doi/10.1161/01.CIR.101.23.e215,https://physionet.org/content/eegmat/1.0.0/,EEG,,50,36,1 min,175 MB,73,N,2018,Open access,Ivan Seleznov,ivan.seleznov1@gmail.com
Term-Preterm EHG DataSet with Tocogram v1.0.0,https://www.ahajournals.org/doi/10.1161/01.CIR.101.23.e215,https://physionet.org/content/tpehgt/1.0.0/,EHG,,5,23,30 min,40 MB,93,N,2018,Open access,Franc Jager,franc.jager@fri.uni-lj.si
Non-EEG Dataset for Assessment of Neurological Status v1.0.0,https://www.ahajournals.org/doi/10.1161/01.CIR.101.23.e215,https://physionet.org/content/noneeg/1.0.0/,EDA,,,20,21 min 40 s,3.7 MB,101,N,2017,Open access,Javad Birjandtalab,birjandtalab@utdallas.edu
EEG Signals from an RSVP Task v1.0.0,https://www.ahajournals.org/doi/10.1161/01.CIR.101.23.e215,https://physionet.org/content/ltrsvp/1.0.0/,EEG,,"5, 6, 10",11,Diverse,749 MB,62,N,2017,Open access,Ana Matran-Fernandez,amatra@essex.ac.uk
neuroQWERTY MIT-CSXPD Dataset v1.0.0,https://www.ahajournals.org/doi/10.1161/01.CIR.101.23.e215,https://physionet.org/content/nqmitcsxpd/1.0.0/,,,,85,,,,Y,2016,Open access,PhysioNet Support MIT.,webmaster@plos.org
ERP-based Brain-Computer Interface recordings v1.0.0,https://www.ahajournals.org/doi/10.1161/01.CIR.101.23.e215,https://physionet.org/content/erpbci/1.0.0/,EEG,,2048,,,1.7 GB,245,Y,2014,Open access,PhysioNet Support MIT.,webmaster@plos.org
Motion Artifact Contaminated fNIRS and EEG Data v1.0.0,https://www.ahajournals.org/doi/10.1161/01.CIR.101.23.e215,https://physionet.org/content/motion-artifact/1.0.0/,EEG,,2048,32,Diverse,650 MB,99,N,2014,Open access,PhysioNet Support MIT.,webmaster@physionet.org
CHB-MIT Scalp EEG Database v1.0.0,https://www.ahajournals.org/doi/10.1161/01.CIR.101.23.e215,https://physionet.org/content/chbmit/1.0.0/,EEG,,256,22,Diverse,42.6 GB,827,Y,2010,Open access,Ali Shoeb,ashoeb@mit.edu
EEG Motor Movement/Imagery Dataset v1.0.0,https://www.ahajournals.org/doi/10.1161/01.CIR.101.23.e215,https://physionet.org/content/eegmmidb/1.0.0/,EEG,,160,109,2 min,3.4 GB,1526,N,2009,Open access,Dr Gerwin Schalk,schalk@wadsworth.org
Stress Recognition in Automobile Drivers v1.0.0,https://www.ahajournals.org/doi/10.1161/01.CIR.101.23.e215,https://physionet.org/content/drivedb/1.0.0/,EMG,,,17,,109 MB,18,N,2008,Open access,PhysioNet Support MIT.,webmaster@physionet.org
OSF | Classifying MEG high frequency activity,https://psyarxiv.com/4azqm/,https://osf.io/m25n4/,MEG,,55 - 125,,10 min,,121,Y,2018,Open access,Andrew X Stewart,https://github.com/andrewxstewart
Cuban Human Brain Mapping Project,https://springernature.figshare.com/articles/dataset/Metadata_record_for_The_Cuban_Human_Brain_Mapping_Project_a_young_and_middle_age_population-based_EEG_MRI_and_cognition_dataset/13277348,https://www.synapse.org/#!Synapse:syn22324937,EEG,,,,,383 B,1,N,2020,Open access,Eduardo Aubert,aubert@synapse.org
"GigaDB Dataset - DOI 10.5524/100295 - Supporting data for EEG datasets for motor imagery brain computer interface""""",http://gigadb.org/dataset/100295,http://gigadb.org/dataset/100295,EEG,,,52,,9.97 GB,55,Y,2017,Open access,Cho H,database@gigasciencejournal.com
DepositOnce: Simultaneous Acquisition of EEG and NIRS during Cognitive Tasks for an Open Access Dataset,https://www.nature.com/articles/sdata20183,https://depositonce.tu-berlin.de//handle/11303/6271.2,EEG,,1000,26,3.5 h,14.76 GB,56,Y,2018,Open access,Han-Jeong Hwang,https://www.nature.com/articles/sdata20183/email/correspondent/c1/new
"WAY-EEG-GAL: Multi-channel EEG Recordings During 3,936 Grasp and Lift Trials with Varying Weight and Friction",https://www.nature.com/articles/sdata201447,https://figshare.com/collections/WAY_EEG_GAL_Multi_channel_EEG_Recordings_During_3_936_Grasp_and_Lift_Trials_with_Varying_Weight_and_Friction/988376,EEG,,500,12,Diverse,,12,Y,2014,Restricted access,Figshare support,info@figshare.com
OpenNeuro,https://www.nature.com/articles/sdata20151,https://openneuro.org/datasets/ds000117/versions/00004,EEG,,1100,19,250 ms,,196,Y,2015,Open access,Richard N Henson,rik.henson@mrc-cbu.cam.ac.uk
Dryad Data -- Fractionation of parietal function in bistable perception probed with concurrent TMS-EEG,https://www.nature.com/articles/sdata201665,https://datadryad.org/stash/dataset/doi:10.5061/dryad.1nr07,EEG,,2048,18,3 s,9 GB,16,Y,2016,Open access,Georg Schauer,https://www.nature.com/articles/sdata201665/email/correspondent/c1/new
A mobile brain-body imaging dataset recorded during treadmill walking with a brain-computer interface,https://www.nature.com/articles/sdata201874,https://figshare.com/collections/A_mobile_brain-body_imaging_dataset_recorded_during_treadmill_walking_with_a_brain-computer_interface/3894013/1,EEG,,100,8,Diverse,,,Y,2018,Restricted access,Yongtian He,https://www.nature.com/articles/sdata201874/email/correspondent/c1/new
OSF | Open Data: The topography of alpha-band activity tracks the content of spatial working memory,https://journals.physiology.org/doi/10.1152/jn.00860.2015,https://osf.io/bwzfj/,EEG,,250,11,1 h,,,Y,2015,Open access,Joshua J. Foster,joshuafoster@uchicago.edu
OSF | Neural Evidence for the Contribution of Active Suppression During Working Memory Filtering,https://academic.oup.com/cercor/article/29/2/529/4818252,https://osf.io/a65xz/,EEG,,1000,31,1200 ms,,,Y,2018,Open access,Tobias Feldmann-Wüstefeld,tobiasfw@uchicago.edu
OSF | Open Data 2018: Contralateral delay activity tracks fluctuations in working memory performance,https://direct.mit.edu/jocn/article/30/9/1229/28908/Contralateral-Delay-Activity-Tracks-Fluctuations,https://osf.io/8xuk3/,EEG,,250,31,1500 ms,,,Y,2018,Open access,Kirsten C. S. Adam,kadam1@uchicago.edu
OSF Registries | Open Data: Alpha-band oscillations enable spatially and temporally resolved tracking of covert spatial attention,https://journals.sagepub.com/doi/10.1177/0956797617699167,https://osf.io/m64ue,EEG,,,,,,,Y,2017,Restricted access,,
OSF | Nap EEG,https://www.sciencedirect.com/science/article/abs/pii/S0010482517302901?via%3Dihub,https://osf.io/chav7/,EEG,,,,10 s ,,,Y,2017,Open access,Timothy M. Ellmore,tellmore@ccny.cuny.edu
DEAP: A Dataset for Emotion Analysis using Physiological and Audiovisual Signals,https://ieeexplore.ieee.org/document/5871728,http://www.eecs.qmul.ac.uk/mmv/datasets/deap/,EEG,,,32,,,,,2011,Restricted access,Sander Koelstra,sander.koelstra@gmail.com
"Dryad Data -- Electrophysiological correlates of semantic dissimilarity reflect the comprehension of natural, narrative speech",https://www.cell.com/current-biology/fulltext/S0960-9822(18)30146-5?_returnURL=https%3A%2F%2Flinkinghub.elsevier.com%2Fretrieve%2Fpii%2FS0960982218301465%3Fshowall%3Dtrue,https://datadryad.org/stash/dataset/doi:10.5061/dryad.070jc,EEG,,128,19,180 s,13.8 GB,5,N,2018,Open access,Michael P. Broderick,brodermi@tcd.ie
Measuring EMG and EEG simultaneously to determine the EMG pollution in the EEG during a variety of tasks - Enlighten: Research Data,http://researchdata.gla.ac.uk/676/,http://researchdata.gla.ac.uk/676/,EEG/EMG,,,27,,,20,,2018,Restricted access,"Porr, B.",shortcourses@glasgow.ac.uk 
"GigaDB Dataset - DOI 10.5524/100788 - Supporting data for Multimodal signal dataset for 11 intuitive movement tasks from single upper ext ...""",https://academic.oup.com/gigascience/article/9/10/giaa098/5918864,http://gigadb.org/dataset/100788,EEG,,2500,25,,472.47 GB,19,Y,2020,Open access,Seong-Whan Lee,sw.lee@korea.ac.kr
A large electroencephalographic motor imagery dataset for electroencephalographic brain computer interfaces,https://www.nature.com/articles/sdata2018211#ref-CR57,https://figshare.com/collections/A_large_electroencephalographic_motor_imagery_dataset_for_electroencephalographic_brain_computer_interfaces/3917698,EEG,,200,13,4.8 h,1.5 GB,75,N,2018,Open access,Yuriy Mishchenko,https://www.nature.com/articles/sdata2018211/email/correspondent/c1/new
Dryad Data -- Large-scale functional networks identified from resting-state EEG using spatial ICA,https://journals.plos.org/plosone/article?id=10.1371/journal.pone.0146845,https://datadryad.org/stash/dataset/doi:10.5061/dryad.v9f16,EEG,,5000,12,5 min,7.74 GB,2,N,2016,Open access,Denis Schwartz,Denis.Schwartz@upmc.fr
"GigaDB Dataset - DOI 10.5524/100660 - Supporting data for A multi-day and multi-band dataset for steady-state visual evoked potential-bas ...""",https://academic.oup.com/gigascience/article/8/11/giz133/5641733,http://gigadb.org/dataset/100660,EEG,,1000,30,2 h,10.31 GB,3,Y,2019,Open access,Han-Jeong Hwang,h2j@kumoh.ac.kr
OSF | Nap EEG,https://www.sciencedirect.com/science/article/pii/S2352340918304268?via%3Dihub,https://osf.io/chav7/,EEG,,1000,22,1 h,,109,Y,2018,Open access,Giovanni M. Di Liberto,diliberg@tcd.ie
Dataset of 24-subject EEG recordings during viewing of real-world objects and planar images of the same items,https://www.sciencedirect.com/science/article/pii/S2352340919302082?via%3Dihub,https://doi.gin.g-node.org/10.12751/g-node.bcccab/,EEG,,1000,24,,7.6 GB,,,2019,Open access,Francesco Marini,francesco.pd@gmail.com
HD-EEGtask(Dataset 1) - Snapshot 1.0.2 - OpenNeuro,https://www.nature.com/articles/s41597-021-00821-1,https://openneuro.org/datasets/ds003420/versions/1.0.2,EEG/MEG,,1000,23,,47.09 GB,875,Y,2021,Open access,A. Mheich,https://www.nature.com/articles/s41597-021-00821-1/email/correspondent/c1/new
OpenNeuro,https://www.nature.com/articles/s41597-021-00821-1,https://openneuro.org/datasets/ds003421/versions/1.0.2,EEG,,1000,23,28 min,39.58 GB,938,Y,2021,Open access,A. Mheich,https://www.nature.com/articles/s41597-021-00821-1/email/correspondent/c1/new
EEG: Continuous gameplay of an 8-bit style video game,https://www.sciencedirect.com/science/article/abs/pii/S1053811916001932?via%3Dihub,https://openneuro.org/datasets/ds003517/versions/1.1.0,EEG,,,,,5.83 GB,389,Y,2016,Open access,James F. Cavanagh,jcavanagh@unm.edu
"GigaDB Dataset - DOI 10.5524/100542 - Supporting data for EEG Dataset and OpenBMI Toolbox for Three BCI Paradigms: An Investigation into ...""",https://academic.oup.com/gigascience/article/8/5/giz002/5304369,http://gigadb.org/dataset/100542,EEG,,1000,54,13 s,211.56 GB,436,Y,2019,Open access,Seong-Whan Lee,sw.lee@korea.ac.kr
"OSF | Williams et al., 2020 - The ERP, Frequency, and Time-Frequency Correlates of Feedback Processing: Insights from a Large Sample Study",https://onlinelibrary.wiley.com/doi/10.1111/psyp.13722,https://osf.io/65x4v/,EEG/ERP,,,500,,,28,Y,2020,Open access,Chad C. Williams,ccwillia@uvic.ca
MPI-LEMON EEG Download Page,http://fcon_1000.projects.nitrc.org/indi/retro/MPI_LEMON.html,http://fcon_1000.projects.nitrc.org/indi/retro/MPI_LEMON/downloads/download_EEG.html,EEG,,,228,,,564,N,2015,Open access,Arno Villringer,villringer@cbs.mpg.de
2011-12 BCI at CSU | Brain-Computer Interfaces Laboratory,https://www.cs.colostate.edu/eeg/main/data/2011-12_BCI_at_CSU,https://www.cs.colostate.edu/eeg/main/data/2011-12_BCI_at_CSU,EEG,,256 - 1024,28,,1.57 GB,40,N,2012,Open access,Charles Anderson,eeg@cs.colostate.edu
EEG Data — Child Mind Institute - MIPDB documentation,https://www.nature.com/articles/sdata201740,https://fcon_1000.projects.nitrc.org/indi/cmi_eeg/eeg.html,EEG,,100,126,10 min,1.6 GB,126,Y,2017,Open access,Nicolas Langer,https://www.nature.com/articles/sdata201740/email/correspondent/c1/new
MindBigData the MNIST of Brain Digits,http://mindbigdata.com/opendb/imagenet.html,http://mindbigdata.com/opendb/imagenet.html,EEG,,128,1,3 s,870 MB,2,N,2018,Open access,David Vivancos,vivancos@vivancos.com
OSF | Classifying MEG high frequency activity,https://journals.plos.org/ploscompbiol/article?id=10.1371/journal.pcbi.1005938,https://osf.io/m25n4/,EEG,,678.17,20,,,,Y,2018,Open access,Britta U. Westner,britta.wstnr@gmail.com
OpenNeuro,https://www.nature.com/articles/sdata20151,https://openneuro.org/datasets/ds000117/versions/1.0.0,EEG,,293 - 328,19,50 s,7.26 MB,18547,Y,2015,Open access,Richard N Henson,https://www.nature.com/articles/sdata20151/email/correspondent/c1/new
MHUG,http://mhug.disi.unitn.it/wp-content/DECAF/DECAF.html#/,http://mhug.disi.unitn.it/wp-content/DECAF/DECAF.html,,,,,,,,,,Open access,Nicu Sebe,niculae.sebe@unitn.it
Multicenter intracranial EEG dataset for classification of graphoelements and artifactual signals,https://www.nature.com/articles/s41597-020-0532-5,https://springernature.figshare.com/collections/Multicenter_intracranial_EEG_dataset_for_classification_of_graphoelements_and_artifactual_signals/4681208/1,EEG,,32000,,3 s,24.32 GB,7,Y,2020,Open access,Petr Nejedly,https://www.nature.com/articles/s41597-020-0532-5/email/correspondent/c1/new
"OSF | Data accompanying Stolk et al. 2019 Electrocorticographic dissociation of alpha and beta rhythmic activity in the human sensorimotor system"" eLife 2019;8:e48065""",https://elifesciences.org/articles/48065,https://osf.io/z4hfm/,ECoG,,512,11,10 min,,12,N,2019,Open access,Han-Jeong Hwang,h2j@kumoh.ac.kr
OSF | A NWB-based Dataset and Processing Pipeline of Human Single-Neuron Activity During a Declarative Memory Task,https://www.nature.com/articles/s41597-020-0415-9,https://osf.io/hv7ja/,MWB,,32000,59,,4 GB,3,Y,2020,Open access,U. Rutishauser,https://www.nature.com/articles/s41597-020-0415-9/email/correspondent/c1/new
USZ_NCH/Human_MTL_units_scalp_EEG_and_iEEG_verbal_WM - G-Node GIN,https://www.nature.com/articles/s41597-020-0364-3,https://gin.g-node.org/USZ_NCH/Human_MTL_units_scalp_EEG_and_iEEG_verbal_WM,EEG,,4000 - 32000,9,5 s,37.9 KB,43,Y,2020,Open access,Johannes Sarnthein,https://www.nature.com/articles/s41597-020-0364-3/email/correspondent/c1/new
G-Node Open Data: Dataset of neurons and intracranial EEG from human amygdala during aversive dynamic visual stimulation,https://www.nature.com/articles/s41597-020-00790-x,https://doi.gin.g-node.org/10.12751/g-node.270z59/,EEG,,4000 - 32000,9,26 s,130 MB,18,Y,2021,Open access,Johannes Sarnthein,https://www.nature.com/articles/s41597-020-00790-x/email/correspondent/c1/new
Data Sets â€” CRCNS.org,https://link.springer.com/article/10.1007/s12021-008-9009-y,https://crcns.org/data-sets/,EEG,,,,,,,,2008,Restricted access,Friedrich T. Sommer,https://link.springer.com/article/10.1007/s12021-008-9009-y/email/correspondent/c1/new
"Massively parallel recordings in macaque motor cortex during an instructed delayed reach-to-grasp task, Scientific Data, 5, 180055. - G-Node GIN",https://www.nature.com/articles/sdata201855,https://gin.g-node.org/INT/multielectrode_grasp,LFP,,30000,2 monkeys,17 min,10 MB,678,Y,2018,Open access,Thomas Brochier,https://www.nature.com/articles/sdata201855/email/correspondent/c1/new
Grasp-and-Lift EEG Detection,https://www.kaggle.com/c/grasp-and-lift-eeg-detection/data,https://www.kaggle.com/c/grasp-and-lift-eeg-detection/data,EEG,,500,12,,3.58 GB,217,Y,2014,Competitor access,Will Cukierski,https://www.kaggle.com/wcukierski/contact
high-gamma-dataset,https://github.com/robintibor/high-gamma-dataset,https://github.com/robintibor/high-gamma-dataset,EEG,,,14,,19.8 MB,59,Y,2017,Open access,Michael P. Milham,https://www.nature.com/articles/sdata2017181/email/correspondent/c2/new
Project BCI - EEG motor activity data set,https://sites.google.com/site/projectbci/,https://sites.google.com/site/projectbci/,EEG,,500,1,,13.5 MB,1,N,2008,Open access,,midhatali@gmail.com
Imagination of Right-hand Thumb Movement,https://archive.ics.uci.edu/ml/datasets/Planning+Relax,https://archive.ics.uci.edu/ml/datasets/Planning+Relax,EEG,,256,1,5 min,,,N,2012,Open access,Rajen Bhatt,rajen.bhatt@gmail.com
Data-EEG-25-users-Neuromarketing,https://drive.google.com/file/d/0B2T1rQUvyyWcSGVVaHZBZzRtTms/view,https://drive.google.com/file/d/0B2T1rQUvyyWcSGVVaHZBZzRtTms/view,EEG,,256,15,5 min,13 MB,2090,N,2016,Open access,XinruiLyu,https://github.com/XinruiLyu
SEED dataset - Stimuli and Experiment,http://bcmi.sjtu.edu.cn/~seed/seed.html,http://bcmi.sjtu.edu.cn/~seed/seed.html,EEG,,200,15,4 min,6.9 GB,45,N,2019,Open access,,lm_zhao@sjtu.edu.cn
SEED Dataset - Experiment Setup,http://bcmi.sjtu.edu.cn/~seed/seed-iv.html,http://bcmi.sjtu.edu.cn/~seed/seed-iv.html,EEG,,200,15,3 min,7.4 GB,,Y,2019,Open access,,lm_zhao@sjtu.edu.cn
Regulation of Arousal,https://ieee-dataport.org/open-access/regulation-arousal-online-neurofeedback-improves-human-performance-demanding-sensory,https://ieee-dataport.org/open-access/regulation-arousal-online-neurofeedback-improves-human-performance-demanding-sensory,EEG,,2048,,2.5 h,3.66 GB,96,Y,2019,IEEE access,Josef Faller,
BCI Challenge @ NER 2015,https://www.kaggle.com/c/inria-bci-challenge,https://www.kaggle.com/c/inria-bci-challenge,EEG,,200,26,Diverse,5.96 GB,5,N,2015,Open access,maucle,https://www.kaggle.com/maucle/contact
EEG Steady-State Visual Evoked Potential Signals Data Set,https://archive.ics.uci.edu/ml/datasets/EEG+Steady-State+Visual+Evoked+Potential+Signals#,http://www2.hu-berlin.de/eyetracking-eeg/testdata.html,EEG,,,30,,3.65 GB,151,N,2018,Open access,Marco Aceves,marco.aceves@gmail.com
Synchronized Brainwave Dataset,https://www.kaggle.com/berkeley-biosense/synchronized-brainwave-dataset,https://www.kaggle.com/berkeley-biosense/synchronized-brainwave-dataset,EEG,,,15,Diverse,101 MB,3,N,2020,Open access,,
Multi-channel EEG recordings during a sustained-attention driving task (raw dataset),https://www.nature.com/articles/s41597-019-0027-4#Sec12,https://figshare.com/articles/dataset/Multi-channel_EEG_recordings_during_a_sustained-attention_driving_task_preprocessed_dataset_/7666055/3,EEG,,500,27,180 min,,,,2019,,Figshare support,info@figshare.com
"Data and analyses for ""Spontaneous Decoding of the Timing and Content of Human Object Perception from Cortical Surface Recordings Reveals Complementary Information in the Event-Related Potential and Broadband Spectral Change"" | Stanford Digital Repository",https://purl.stanford.edu/xd109qh3109,https://purl.stanford.edu/xd109qh3109,ECoG,,1000,7,,291.64 MB,,Y,2015,Open access,"Miller, Kai J",kai.miller@stanford.edu
Building Brain Invaders: EEG data of an experimental validation | Zenodo,https://hal.archives-ouvertes.fr/hal-02126068,https://zenodo.org/record/2649069#.YGDgha9Kjcc,EEG,,128,25,4 min,676 MB,225,N,2021,Open access,"Cattan, Gregoire",gregoire.cattan@ibm.com
Brain Invaders Adaptive versus Non-Adaptive P300 Brain-Computer Interface dataset | Zenodo,https://hal.archives-ouvertes.fr/hal-02103098,https://zenodo.org/record/2669187#.YGDgia9Kjcc,P300,,128,24,4 min,677 MB,25,N,2019,Open access,"Cattan, Gregoire",gregoire.cattan@ibm.com
Brain Invaders calibration-less P300-based BCI using dry EEG electrodes Dataset (bi2014a) | Zenodo,https://zenodo.org/record/3266223#.YGDgiK9Kjcc,https://zenodo.org/record/3266223#.YGDgiK9Kjcc,EEG,,512,71,10 min,3.29 GB,66,N,2019,Open access,Zenodo support,https://zenodo.org/support
Brain Invaders Solo versus Collaboration: Multi-User P300-based Brain-Computer Interface Dataset (bi2014b) | Zenodo,https://zenodo.org/record/3267302#.YGDgi69Kjcc,https://zenodo.org/record/3267302#.YGDgi69Kjcc,P300,,512,38,5 min,4.0 GB,40,N,2019,Open access,Zenodo support,https://zenodo.org/support
Brain Invaders calibration-less P300-based BCI with modulation of flash duration Dataset (bi2015a) | Zenodo,https://zenodo.org/record/3266930#.YGDgjK9Kjcc,https://zenodo.org/record/3266930#.YGDgjK9Kjcc,P300,,512,50,10 min,8.4 GB,88,N,2019,Open access,Zenodo support,https://zenodo.org/support
Brain Invaders Cooperative versus Competitive: Multi-User P300-based Brain-Computer Interface Dataset (bi2015b) | Zenodo,https://zenodo.org/record/3268762#.YGDgjK9Kjcc,https://zenodo.org/record/3268762#.YGDgjK9Kjcc,P300,,512,44,10 min,13.5 GB,46,N,2019,Open access,Zenodo support,https://zenodo.org/support
Impedance_Data - Google Drive,https://static1.squarespace.com/static/5abefa62d274cb16de90e935/t/5ac6962a8a922d0b8b8be6a1/1522964012664/Kappenman+2010+Psychophys+Impedance.pdf,https://drive.google.com/drive/folders/0B3jfvN2T6iLMLWJMMVJMSXBqajg,EEG,,10,12,5 min,892 MB,13,Y,2010,Open access,,
Multi-channel EEG recordings during a sustained-attention driving task (raw dataset),https://www.nature.com/articles/s41597-019-0027-4#Sec12,https://figshare.com/articles/dataset/Multi-channel_EEG_recordings_during_a_sustained-attention_driving_task/6427334/5,EEG,,500,27,180 min,,,,2019,,Figshare support,info@figshare.com
"Dryad Data -- Electrophysiological correlates of semantic dissimilarity reflect the comprehension of natural, narrative speech",https://www.sciencedirect.com/science/article/pii/S0960982218301465,https://datadryad.org/stash/dataset/doi:10.5061/dryad.070jc,N400,,128,19,1 min,13.8 GB,5,N,2018,Open access,Michael P. Broderick,brodermi@tcd.ie
Cognitive Electrophysiology Lab Dataverse,https://www.frontiersin.org/articles/10.3389/fnins.2017.00425,https://dataverse.tdl.org/dataverse/txstatecogelectro,EEG,,256,22,8 min,,2311,Y,2017,Open access,,
MindID - Google Drive,https://arxiv.org/pdf/1711.06149.pdf,https://drive.google.com/drive/folders/1t6tL434ZOESb06ZvA4Bw1p9chzxzbRbj,EPOC,,128,8,54 s,13 MB,5,Y,2017,Open access,,
mastaneht/SPIS-Resting-State-Dataset,https://www.ncbi.nlm.nih.gov/pubmed/32167917,https://github.com/mastaneht/SPIS-Resting-State-Dataset,EEG,,2048,10,105 min,,24,Y,2020,Restricted access,Mastaneh Torkamani-Azar,mastaneh@sabanciuniv.edu
EEG Alpha Waves dataset | Zenodo,https://zenodo.org/record/2348892#.YGDglK9Kjcc,https://zenodo.org/record/2348892#.YGDglK9Kjcc,EEG,,512,20,10 s,105 MB,20,N,2018,Open access,Zenodo support,https://zenodo.org/support
sstober/openmiir: a public domain dataset of EEG recordings for music imagery information retrieval,http://moabb.neurotechx.com/docs/generated/moabb.datasets.Cho2017.html#moabb.datasets.Cho2017,https://github.com/sstober/openmiir,EEG,,512,10,1 min,175 MB,154,154,2015,Open access,S. Stober,stober@ovgu.de
EYE-EEG: Download test datasets,http://www2.hu-berlin.de/eyetracking-eeg/testdata.html,http://www2.hu-berlin.de/eyetracking-eeg/testdata.html,EEG/EOG,,500,1,16 s,20 MB,4,N,2013,Open access,,
EyeblinkDataset.zip - Google Drive,https://www.sciencedirect.com/science/article/pii/S0925231216001569,https://drive.google.com/file/d/0By5iwWd39NblS2tRWmVTdmRzZUU/view,EEG,,256,20,3 s,0.98 GB,2,N,2015,Open access,Suguru Kanoga,kanouga@mitsu.sd.keio.ac.jp
UCI Machine Learning Repository: EEG Eye State Data Set,https://archive.ics.uci.edu/ml/datasets/EEG+Eye+State,https://archive.ics.uci.edu/ml/datasets/EEG+Eye+State,EEG,,,,117 s,1.61 MB,1,N,2013,Open access,Oliver Roesler,it12148@lehre.dhbw-stuttgart.de
EEG Eye Blinks,https://proceedings.allerton.csl.illinois.edu/media/files/0174.pdf,http://gnan.ece.gatech.edu/eeg-eyeblinks/,EEG,,250,20,100 s,37 MB,,,,Login access,Mohit Agarwal,magarwal37@gatech.edu
A First Step towards Eye State Prediction Using EEG,http://suendermann.com/su/pdf/aihls2013.pdf,http://suendermann.com/corpus/EEG_Eyes.arff.gz,EEG,,,1,117 s,1.61 MB,1,N,2011,Open access,David Suendermann,david@suendermann.com
The KARA ONE database,http://www.cs.toronto.edu/~complingweb/data/karaOne/ZhaoRudzicz15.pdf,http://www.cs.toronto.edu/~complingweb/data/karaOne/karaOne.html,ECoG,,1000,14,40 min,30 GB,17,N,1999,Open access,Frank Rudzicz,frank@cs.toronto
MindBigData the MNIST of Brain Digits,http://mindbigdata.com/opendb/index.html,http://mindbigdata.com/opendb/index.html,EEG,,512,1,2 s,3.42 GB,4,N,2015,Open access,David Vivancos,vivancos@vivancos.com
"MindBigData ""IMAGENET"" of Brain Digits",http://www.mindbigdata.com/opendb/imagenet.html,http://www.mindbigdata.com/opendb/imagenet.html,EEG,,128,1,3 s,870 MB,2,N,2018,Open access,David Vivancos,vivancos@vivancos.com
EEGLearn/Sample data at master · pbashivan/EEGLearn,https://arxiv.org/pdf/1511.06448.pdf,https://github.com/pbashivan/EEGLearn/tree/master/Sample%20data,EEG,,500,15,500 ms,26 MB,4,Y,2016,Open access,Pouya Bashivan,pouya.bashivan@mcgill.ca
Challenge data,https://challengedata.ens.fr/challenges/10,https://challengedata.ens.fr/challenges/10,EEG,,125,1,10 s,2.4 GB,4,Y,2021,Competitor access,,https://challengedata.ens.fr/contact
UCI Machine Learning Repository: EEG Database Data Set,https://archive.ics.uci.edu/ml/datasets/EEG+Database,https://archive.ics.uci.edu/ml/datasets/EEG+Database,EEG,,256,120,1 s,1 GB,8,Y,1999,Open access,Lester Ingber,ingber@ingber.com
Confused student EEG brainwave data | Kaggle,http://www.cs.cmu.edu/~kkchang/paper/WangEtAl.2013.AIED.EEG-MOOC.pdf,https://www.kaggle.com/wanghaohan/confused-eeg,EEG,,0.5,10,20 min,115 MB,2,N,2018,Open access,Haohan Wang,https://www.kaggle.com/wanghaohan
moabb.datasets.AlexMI — moabb documentation,http://moabb.neurotechx.com/docs/generated/moabb.datasets.AlexMI.html#moabb.datasets.AlexMI,http://moabb.neurotechx.com/docs/generated/moabb.datasets.AlexMI.html#moabb.datasets.AlexMI,EEG,,512,8,3 s,,,,,,Alexandre Barachant,
moabb.datasets.bi2013a — moabb documentation,http://moabb.neurotechx.com/docs/generated/moabb.datasets.bi2013a.html#moabb.datasets.bi2013a,http://moabb.neurotechx.com/docs/generated/moabb.datasets.bi2013a.html#moabb.datasets.bi2013a,P300,,512,24,,,,,,,Alexandre Barachant,
moabb.datasets.BNCI2014001 — moabb documentation,http://moabb.neurotechx.com/docs/generated/moabb.datasets.BNCI2014001.html#moabb.datasets.BNCI2014001,http://bnci-horizon-2020.eu/database/data-sets,EEG,,250,9,6 s,745 MB,19,Y,2014,Open access,Clemens Brunner,clemens.brunner@tugraz.at
moabb.datasets.BNCI2014002 — moabb documentation,http://moabb.neurotechx.com/docs/generated/moabb.datasets.BNCI2014002.html#moabb.datasets.BNCI2014002,http://bnci-horizon-2020.eu/database/data-sets,EEG,,512,13,11 s,850 MB,29,Y,2014,Open access,David Steyrl,david.steyrl@tugraz.at
moabb.datasets.BNCI2014004 — moabb documentation,http://moabb.neurotechx.com/docs/generated/moabb.datasets.BNCI2014004.html#moabb.datasets.BNCI2014004,http://bnci-horizon-2020.eu/database/data-sets,EEG,,250,9,9.5 s,850 MB,29,Y,2014,Open access,Clemens Brunner,clemens.brunner@tugraz.at
moabb.datasets.BNCI2014008 — moabb documentation,http://moabb.neurotechx.com/docs/generated/moabb.datasets.BNCI2014008.html#moabb.datasets.BNCI2014008,http://bnci-horizon-2020.eu/database/data-sets,P300,,256,8,,165 MB,9,Y,2014,Open access,Francesca Schettini,f.schettini@hsantalucia.it
moabb.datasets.BNCI2014009 — moabb documentation,http://moabb.neurotechx.com/docs/generated/moabb.datasets.BNCI2014009.html#moabb.datasets.BNCI2014009,http://bnci-horizon-2020.eu/database/data-sets,P300,,256,10,,355 MB,21,Y,2014,Open access,Francesca Schettini,f.schettini@hsantalucia.it
moabb.datasets.BNCI2015001 — moabb documentation,http://moabb.neurotechx.com/docs/generated/moabb.datasets.BNCI2015001.html#moabb.datasets.BNCI2015001,http://bnci-horizon-2020.eu/database/data-sets,EEG,,512,12,11 s,"1,8 GB",29,Y,2015,Open access,Reinhold Scherer,reinhold.scherer@tugraz.at
moabb.datasets.BNCI2015003 — moabb documentation,http://moabb.neurotechx.com/docs/generated/moabb.datasets.BNCI2015003.html#moabb.datasets.BNCI2015003,http://bnci-horizon-2020.eu/database/data-sets,P300,,256,10,,53 MB,11,Y,2015,Open access,Rupert Ortner,ortner@gtec.at
moabb.datasets.BNCI2015004 — moabb documentation,http://moabb.neurotechx.com/docs/generated/moabb.datasets.BNCI2015004.html#moabb.datasets.BNCI2015004,http://bnci-horizon-2020.eu/database/data-sets,EEG,,256,9,4 s,1.7 GB,10,Y,2015,Open access,Reinhold Scherer,reinhold.scherer@tugraz.at
moabb.datasets.Cho2017 — moabb documentation,http://moabb.neurotechx.com/docs/generated/moabb.datasets.Cho2017.html#moabb.datasets.Cho2017,http://moabb.neurotechx.com/docs/generated/moabb.datasets.Cho2017.html#moabb.datasets.Cho2017,EEG,,512,52,Diverse,,,,,,Sung Chan Jun,scjun@gist.ac.kr
moabb.datasets.EPFLP300 — moabb documentation,http://moabb.neurotechx.com/docs/generated/moabb.datasets.EPFLP300.html#moabb.datasets.EPFLP300,https://www.epfl.ch/labs/mmspg/research/page-58317-en-html/bci-2/bci_datasets/,P300,,2048,9 (5 disabled),1 min,2.2 GB,8,Y,2006,Open access,Ulrich Hoffmann,ulrich.hoffmann@epfl.ch
moabb.datasets.MunichMI — moabb documentation,http://moabb.neurotechx.com/docs/generated/moabb.datasets.MunichMI.html#moabb.datasets.MunichMI,http://moabb.neurotechx.com/docs/generated/moabb.datasets.MunichMI.html#moabb.datasets.MunichMI,EEG,,500,10,10 s,,,,,,Alexandre Barachant,
moabb.datasets.Ofner2017 — moabb documentation,http://moabb.neurotechx.com/docs/generated/moabb.datasets.Ofner2017.html#moabb.datasets.Ofner2017,http://moabb.neurotechx.com/docs/generated/moabb.datasets.Ofner2017.html#moabb.datasets.Ofner2017,EEG,,,15,,,,,,,Gernot R. Müller-Pulz,gernot.mueller@tugraz.at
moabb.datasets.PhysionetMI — moabb documentation,http://moabb.neurotechx.com/docs/generated/moabb.datasets.PhysionetMI.html#moabb.datasets.PhysionetMI,https://physionet.org/content/eegmmidb/1.0.0/,EEG,,,109,3 min,"1,4 GB",166,Y,2009,Open access,Alexandre Barachant,schalk@wadsworth.org
moabb.datasets.Schirrmeister2017 — moabb documentation,http://moabb.neurotechx.com/docs/generated/moabb.datasets.Schirrmeister2017.html#moabb.datasets.Schirrmeister2017,http://moabb.neurotechx.com/docs/generated/moabb.datasets.Schirrmeister2017.html#moabb.datasets.Schirrmeister2017,EEG,,,14,4 s,,,,,,Alexandre Barachant,
moabb.datasets.Shin2017A — moabb documentation,http://moabb.neurotechx.com/docs/generated/moabb.datasets.Shin2017A.html#moabb.datasets.Shin2017A,http://moabb.neurotechx.com/docs/generated/moabb.datasets.Shin2017A.html#moabb.datasets.Shin2017A,EEG/NIRS,,1000,29,Diverse,,,,,,Alexandre Barachant,
moabb.datasets.Shin2017B — moabb documentation,http://moabb.neurotechx.com/docs/generated/moabb.datasets.Shin2017B.html#moabb.datasets.Shin2017B,http://moabb.neurotechx.com/docs/generated/moabb.datasets.Shin2017B.html#moabb.datasets.Shin2017B,EEG/NIRS,,1000,29,Diverse,,,,,,Alexandre Barachant,
moabb.datasets.SSVEPExo — moabb documentation,http://moabb.neurotechx.com/docs/generated/moabb.datasets.SSVEPExo.html#moabb.datasets.SSVEPExo,http://moabb.neurotechx.com/docs/generated/moabb.datasets.SSVEPExo.html#moabb.datasets.SSVEPExo,SSVEP,,21,12,5 s,,,,,,Alexandre Barachant,
moabb.datasets.Weibo2014 — moabb documentation,http://moabb.neurotechx.com/docs/generated/moabb.datasets.Weibo2014.html#moabb.datasets.Weibo2014,https://dataverse.harvard.edu/dataset.xhtml?persistentId=doi:10.7910/DVN/27306,EEG,,,10,8 s,1.7 GB,,,,Open access,Hongzhi,qhz@tju.edu.cn
moabb.datasets.Zhou2016 — moabb documentation,http://moabb.neurotechx.com/docs/generated/moabb.datasets.Zhou2016.html#moabb.datasets.Zhou2016,http://moabb.neurotechx.com/docs/generated/moabb.datasets.Zhou2016.html#moabb.datasets.Zhou2016,EEG,,,4,10 s,,,,,,Xiaopei Wu,wxp2001@ahu.edu.cn